movieId,imdbId,tmdbId
9,114576,9091
11,112346,9087
17,114388,4584
25,113627,451
26,114057,16420
32,114746,63
36,112818,687
40,112749,34615
43,114272,35196
51,109950,117164
54,112499,26441
55,113158,97406
63,116126,10607
70,116367,755
73,113828,48750
74,115644,20927
86,118158,10534
100,115907,11062
107,117110,10874
109,113276,96357
116,112373,51352
123,109424,11104
135,116130,9101
151,114287,11780
155,112495,1873
160,112715,10329
161,112740,8963
178,107447,15730
183,110604,48787
185,113957,1642
187,114095,36196
188,114194,11980
189,114241,58372
205,114798,52856
207,114887,9560
215,112471,76
219,112757,6715
220,112643,18256
236,113117,397
238,113028,27985
252,110099,11777
254,113463,87729
257,113501,9061
262,113670,19101
267,110443,11008
280,113870,8438
283,113967,39310
286,113948,63105
288,110632,241
295,114210,2307
301,114129,30304
306,111495,110
310,114268,36357
322,114594,20306
327,114614,9067
333,114694,11381
335,114788,36141
345,109045,2759
351,109484,10464
352,109504,34152
354,109450,29973
356,109830,13
358,113305,16295
373,105226,10427
388,112570,39953
389,109454,41580
394,112702,32502
401,113827,226229
414,109067,46094
434,106582,9350
444,106834,34444
449,106880,20239
453,106941,9024
459,109890,2087
463,107057,4916
469,107151,2259
474,107206,9386
481,107302,10909
482,110265,507
486,107413,42580
490,107497,2246
501,107653,21450
502,110657,11231
520,107977,8005
523,108000,47889
536,111194,43535
542,108186,13203
547,111323,17585
553,108358,11969
554,111488,41590
558,110763,15139
564,109403,24405
580,110892,37345
583,109382,25403
597,100405,114
598,110719,41043
611,116514,8766
612,117283,23570
613,116684,47333
616,65421,10112
621,107471,52873
631,115509,19042
634,114658,36259
637,117608,9099
653,116136,8840
664,116269,47502
692,117688,29621
695,114736,37144
697,116289,12656
707,117107,10990
708,117979,8866
711,116322,36355
722,113270,73183
735,109592,21588
742,117894,10280
747,117768,16299
753,113849,41007
757,109688,40751
760,108211,11101
775,63715,41225
777,114122,87190
779,118523,32872
782,116277,9566
786,116213,9268
795,111237,44535
805,117913,1645
806,115530,31546
810,116756,11511
813,116823,34170
834,117332,92381
838,116191,3573
844,108227,297645
872,109066,11985
874,113542,59569
886,115783,10723
891,113253,10987
893,117093,20318
900,43278,2769
907,25164,28288
924,62622,62
925,39428,121357
945,27125,3080
948,49261,1712
959,25586,43905
962,32022,26378
974,29855,22657
975,29588,76464
979,114007,125587
990,117011,10861
998,117603,9400
1000,115994,12241
1004,116421,9625
1015,107131,6878
1021,109127,24795
1022,42332,11224
1031,66817,12335
1041,117589,11159
1045,116928,55058
1047,116908,11412
1050,116913,42314
1054,116404,49471
1055,120107,38153
1061,117665,819
1067,28757,66473
1068,39286,28120
1071,109823,37218
1088,92890,88
1090,91763,792
1103,48545,221
1117,116581,36998
1160,25799,127973
1177,101811,26561
1181,120121,150823
1183,116209,409
1185,97937,10161
1192,100332,31225
1208,78788,28
1210,86190,1892
1222,93058,600
1223,104361,530
1227,87843,311
1250,50212,826
1258,81505,694
1266,105695,33
1274,94625,149
1281,32553,914
1295,96332,10644
1301,49223,830
1313,116953,66034
1317,116601,61536
1318,112537,18762
1325,106262,33519
1334,51418,8851
1343,101540,1598
1352,115495,8744
1373,98382,172
1377,103776,364
1381,84021,9037
1382,100114,10173
1386,52287,46681
1397,115633,41240
1408,104691,9361
1409,117038,2928
1411,116477,10549
1424,116640,303693
1428,112362,2892
1430,120414,85242
1456,119887,17949
1460,120317,20735
1477,119572,27322
1489,118829,24662
1500,119229,9434
1501,116762,118991
1511,117050,105763
1515,120461,10357
1522,117482,124843
1548,118117,59232
1551,118787,15170
1554,114134,26422
1563,119019,47686
1565,116502,11103
1570,105569,17991
1579,116334,111367
1581,119848,18080
1586,119173,4421
1598,118966,9458
1614,119360,10806
1619,120102,978
1622,119457,56651
1624,120323,66588
1631,118647,18355
1632,120151,33657
1647,119906,12628
1649,119107,25099
1650,120481,45019
1661,119210,10871
1663,83131,10890
1669,120275,34838
1670,120490,14905
1671,119527,14583
1673,118749,4995
1674,90329,9281
1679,118836,31535
1684,119723,38904
1687,119395,4824
1695,123385,39177
1697,109266,124606
1704,119217,489
1707,119303,9714
1708,119352,102406
1721,120338,597
1725,119052,62394
1726,119925,9922
1731,119718,9438
1756,118643,9033
1768,119711,44361
1771,119784,12238
1806,125454,36568
1809,119250,5910
1811,119780,53092
1814,120793,44308
1816,124179,32456
1824,119305,17133
1839,120765,47881
1841,119196,12488
1846,119792,21252
1863,120742,9771
1888,119313,9715
1897,139362,37636
1899,125980,60951
1911,118998,3050
1917,120591,95
1928,21746,42861
1933,29146,43278
1941,40416,23383
1943,44672,27191
1951,63385,17917
1952,64665,3116
1955,79417,12102
1970,93629,10072
1972,97981,10160
1973,101917,11284
1982,77651,948
1988,93176,39929
2001,97733,942
2009,70723,12101
2023,99674,242
2030,119007,44322
2032,66811,20173
2036,109287,13962
2048,91149,9994
2051,76137,14140
2062,120687,96196
2064,98213,1779
2086,89731,13380
2087,46183,10693
2097,86336,24808
2102,19422,53565
2112,101969,13697
2116,77869,123
2117,87803,9314
2120,107665,10657
2121,85382,10489
2122,87050,10823
2123,96787,11497
2129,120056,48894
2133,92513,14367
2138,78480,11837
2146,90060,11557
2152,140796,21661
2155,120831,14662
2160,63522,805
2161,88323,34584
2163,80391,2182
2167,120611,36647
2168,120576,17915
2178,68611,573
2183,49470,574
2186,44079,845
2188,120577,3682
2190,123324,46702
2191,119453,54795
2204,35279,31997
2205,33922,24197
2206,34248,11462
2212,25452,8208
2215,23395,36049
2226,18328,36056
2233,118980,31641
2243,92699,12626
2247,95593,2321
2253,105629,11597
2261,91680,18282
2263,96073,11082
2269,107211,4478
2272,120776,53113
2273,120812,2109
2277,120162,193103
2282,126604,11855
2284,109206,14785
2285,63850,14794
2286,80731,3486
2288,84787,1091
2293,144604,73351
2298,124102,27791
2308,69966,85837
2312,90830,1890
2315,144120,11932
2317,119534,108316
2322,120157,9425
2342,116488,21589
2355,120623,9487
2361,69089,692
2362,45826,24018
2373,89893,9626
2374,91159,13698
2377,89489,11954
2386,165494,37536
2389,155975,11252
2402,89880,1369
2407,88933,10328
2417,91188,13818
2419,91024,44326
2425,120706,16885
2426,120861,76857
2435,119336,24525
2457,91875,15698
2458,90660,2620
2464,92112,25438
2469,91738,10013
2475,90567,18588
2482,149151,1618
2484,120095,296543
2492,138987,111794
2498,120764,9849
2501,132477,13466
2505,134273,8224
2510,134948,26425
2513,98084,8913
2522,75648,7227
2528,74812,10803
2536,78740,29723
2537,78856,31638
2543,127288,47501
2547,125778,107946
2548,144814,7341
2552,107626,31503
2558,141098,1641
2565,49408,16520
2568,120757,16379
2569,122906,125123
2570,120613,28029
2579,154506,11660
2581,151738,11355
2600,120907,1946
2609,115669,25471
2610,138874,4154
2613,87799,18462
2616,99422,8592
2617,120616,564
2622,140379,10210
2629,166252,31342
2635,37098,29242
2636,37099,29243
2638,35096,29239
2646,37793,30793
2652,50280,3079
2655,89308,29794
2683,145660,817
2691,120731,10376
2693,120370,15800
2702,162677,10279
2719,171363,11618
2720,141369,332
2723,132347,9824
2731,53198,147
2735,91129,10136
2736,90774,32060
2737,92585,48686
2739,88939,873
2740,91343,48660
2743,91613,108312
2753,92627,39074
2759,144168,16406
2763,155267,913
2765,122515,12229
2766,168449,67323
2767,120709,91076
2771,120620,17707
2772,165710,9781
2778,113965,48781
2793,118604,9406
2794,89670,11418
2798,100419,11077
2799,102719,28597
2806,133046,10342
2807,176269,10366
2815,91278,11037
2818,113438,28737
2819,73802,11963
2823,10726,91893
2831,160216,104896
2832,144286,30964
2837,126810,40694
2838,125211,4338
2840,145531,10307
2854,69994,24097
2862,80491,9453
2866,77280,24153
2868,97390,18086
2871,68473,10669
2893,134033,10381
2902,86154,10576
2906,156934,12618
2912,165854,10388
2932,77405,16642
2942,85549,535
2960,187712,97537
2965,203408,29064
2966,166896,404
2968,81633,36819
2973,97123,11562
2986,100502,5549
3005,145681,9481
3007,181288,14242
3008,156729,16129
3010,200071,11489
3017,92796,16288
3040,79540,14035
3050,172726,19052
3051,149691,21349
3055,165773,47692
3072,93565,2039
3081,162661,2668
3093,67411,29005
3097,33045,20334
3100,105265,293
3103,100680,36094
3107,101393,2924
3112,90556,34760
3113,146675,9946
3117,134154,22267
3118,161023,55123
3129,158371,9684
3130,99165,9586
3136,50558,5652
3140,14538,32628
3152,67328,25188
3157,164912,10137
3158,162866,10387
3160,175880,334
3169,87231,26578
3173,146838,9563
3176,134119,1213
3182,192335,28216
3195,13662,71067
3211,94924,35119
3228,153866,97805
3229,44364,53714
3249,104389,11087
3263,105812,10158
3270,104040,16562
3279,143344,121940
3283,67433,24349
3293,118882,96484
3302,159272,61416
3313,84395,33374
3315,43618,127602
3345,62793,57855
3352,171135,64166
3360,91217,5693
3372,64110,15873
3375,42393,25392
3391,94321,26827
3396,79588,11176
3398,87755,11899
3401,88760,19736
3407,201538,31336
3414,48316,53879
3425,100168,41823
3426,102175,1713
3432,89003,24873
3447,28944,36652
3453,195778,13539
3464,100649,2102
3507,63374,11356
3512,122459,2621
3515,183503,49721
3516,51406,2006
3524,82031,13665
3535,144084,1359
3540,160644,19214
3549,48140,4825
3554,199725,14736
3557,104549,10424
3560,77132,49096
3562,144142,40562
3574,115834,55667
3580,153464,47724
3581,188674,11129
3597,174336,23531
3599,37514,17889
3626,154443,11332
3630,68863,5483
3633,64757,668
3637,89960,44018
3650,90644,42002
3663,107899,26957
3666,189047,26960
3667,95977,80287
3670,38120,46614
3672,71206,23069
3678,48347,541
3679,82252,21137
3685,89841,2075
3686,99582,1551
3692,90849,26554
3694,98503,28165
3698,93894,865
3702,79501,9659
3704,89530,9355
3707,91635,10068
3709,105428,11428
3711,105316,35936
3712,102951,25562
3717,187078,9679
3719,182295,51333
3720,145503,17771
3723,99726,10264
3742,15648,643
3780,42897,37744
3782,69257,493
3783,159382,12706
3784,219854,4244
3787,215369,1050
3796,120894,1448
3804,79257,59181
3813,77742,15867
3817,117817,46754
3825,200550,6282
3826,164052,9383
3831,195234,2360
3833,52646,33468
3834,80472,21866
3838,110823,16139
3841,99005,11856
3859,233687,15665
3863,209958,8843
3870,32881,23283
3885,234137,25128
3886,161216,18153
3887,157182,30910
3890,259207,137236
3892,187696,1698
3893,171580,10480
3898,211938,14805
3899,191037,51179
3907,170452,201724
3911,218839,13785
3913,211219,15752
3915,210075,19348
3934,50610,43230
3950,170691,10687
3954,162236,100975
3955,213790,16888
3980,203019,11978
3982,197096,77434
3988,170016,8871
3991,211181,10481
4003,96094,12714
4009,96219,10132
4013,156807,37716
4015,242423,8859
4028,210299,62677
4030,219653,10577
4037,93223,26719
4044,75783,19108
4050,218625,34794
4052,218817,9989
4055,194218,20637
4059,213446,220976
4061,102388,17474
4064,69897,22021
4068,186589,16723
4073,178642,18856
4076,162024,83500
4078,92545,74340
4086,92654,11028
4088,92656,67307
4095,92804,12506
4098,92843,39507
4116,93200,34101
4132,93493,10019
4140,93648,22915
4142,190524,37302
4143,242998,10984
4148,212985,9740
4153,231775,16300
4157,249893,21620
4165,244504,82103
4166,251031,19513
4179,82912,42148
4181,96223,25447
4200,101764,9594
4207,100232,12773
4218,91860,21309
4221,102517,20704
4232,227538,10054
4233,246989,10646
4236,206187,65075
4241,266860,10991
4245,238588,68894
4259,211492,52654
4262,86250,111
4267,203755,2144
4272,162023,8076
4280,84917,11307
4288,152015,35717
4291,80319,19494
4295,96875,32924
4296,66011,9062
4298,48021,934
4304,256408,14268
4307,206742,49453
4314,234407,48109
4323,52902,17664
4333,94142,11896
4335,81159,17971
4340,255798,11090
4353,86508,9967
4354,105699,17494
4355,92272,17465
4356,45810,759
4357,45891,10297
4366,230011,10865
4383,228786,60670
4384,246765,55551
4388,257106,4248
4389,245238,17612
4390,249380,3134
4391,224578,34899
4392,99012,8217
4409,105378,19200
4410,91983,11300
4426,48261,18030
4429,49513,10339
4430,102690,39875
4433,49966,69605
4450,242193,9517
4481,94783,94440
4483,94824,18509
4484,94828,110428
4490,94910,23752
4491,97125,41952
4493,94919,10127
4494,101627,12702
4496,94933,9748
4501,95088,5680
4502,95107,26386
4513,95333,75889
4524,95654,34014
4530,95853,51321
4534,95993,13965
4535,84296,24266
4543,96098,9717
4545,91949,2605
4560,96425,33172
4564,96794,11352
4565,88708,12500
4577,97027,10142
4578,97044,3064
4583,97211,30352
4592,97314,55699
4594,97334,20713
4595,97336,27461
4598,96870,19157
4599,97457,11465
4602,97481,9085
4609,97607,39787
4612,97635,4486
4615,97714,12774
4630,97987,39002
4633,98068,27607
4638,163025,331
4639,265029,11467
4649,243655,2171
4656,98224,56162
4658,98253,19236
4660,98261,60276
4679,98554,2616
4682,98622,11342
4683,98663,183
4689,65761,27431
4695,78490,31941
4696,83366,19317
4701,266915,5175
4703,94868,41951
4719,181739,12610
4722,250202,21055
4727,238112,1722
4728,250687,9896
4746,219400,21118
4748,103596,16314
4757,202470,12508
4758,218619,14033
4761,200427,34714
4764,243595,35176
4773,273253,75386
4780,255321,48834
4790,75132,35200
4794,93677,20115
4805,50933,40885
4808,108473,1644
4812,91993,13766
4823,240890,9778
4834,80520,13612
4845,250310,17708
4846,108148,12780
4848,166924,1018
4871,246628,18192
4874,272152,167
4878,246578,141
4887,267804,10796
4897,245115,17731
4906,72747,87774
4917,76342,31037
4918,52415,40739
4926,209037,58886
4927,76299,72277
4929,84809,23805
4932,80661,11033
4936,80716,3537
4942,52564,6974
4943,74157,26398
4948,51755,34084
4957,86383,10650
4971,87747,23111
4974,277371,11397
4975,259711,1903
4980,101452,1649
4993,120737,120
4995,268978,453
4997,217331,12724
5012,86619,10269
5018,104922,49410
5023,105789,61418
5024,242795,27099
5041,85542,15035
5042,80752,16127
5044,80756,32020
5045,80771,33155
5080,240900,20009
5081,188453,2084
5084,71266,39775
5088,72353,4031
5089,82525,47871
5092,265298,11870
5095,265713,27593
5096,109190,11212
5121,75276,11698
5126,50294,43715
5128,238546,11979
5132,231956,27824
5136,275067,44340
5137,143861,18984
5144,51876,108267
5152,277434,10590
5155,68273,22910
5157,94860,40364
5158,85380,115332
5171,268695,2135
5180,80813,16149
5184,80855,10935
5194,76276,17909
5201,81112,8690
5213,81268,38147
5218,268380,425
5220,284490,5851
5231,35262,31805
5253,81614,73134
5267,265662,14635
5269,254686,1791
5276,87100,40814
5277,87222,53426
5281,96466,5678
5284,245407,18435
5287,98994,25501
5294,264616,12149
5297,266391,35080
5301,72705,32617
5310,90196,25133
5312,264935,11892
5321,253840,35337
5322,262911,59199
5325,275309,1282
5334,99204,10164
5335,88931,42048
5340,65916,46691
5347,231448,13201
5354,64117,28289
5365,239234,2894
5370,92652,86483
5373,50634,38360
5389,166813,9023
5390,254199,27834
5394,44557,24005
5430,108504,27052
5431,77621,34130
5432,95296,38950
5438,100135,10169
5441,105631,103299
5447,286179,57022
5448,314166,17710
5456,111653,30114
5462,305396,17043
5464,257044,4147
5465,297721,16664
5472,68156,14902
5474,68837,1842
5478,271367,8869
5488,67227,10309
5496,35160,5155
5513,327036,20337
5516,274117,6173
5517,232083,10305
5526,255589,8653
5528,265459,9357
5537,300453,97447
5539,90799,19975
5559,270480,26165
5567,84133,79319
5568,87507,16806
5570,117883,9299
5579,298238,87481
5581,99128,18913
5584,99512,18943
5588,77681,12262
5592,91544,50382
5596,100666,34086
5599,22458,977
5601,39111,19049
5603,44829,32961
5604,44876,32568
5634,164810,47500
5636,271259,9260
5643,95895,24348
5647,119068,34600
5649,51554,11868
5656,273607,120694
5664,297037,37964
5670,328962,19973
5672,313487,12600
5675,291502,12779
5684,145937,21925
5696,81696,17496
5701,81695,33670
5703,81751,33076
5717,82700,8691
5722,82183,19123
5726,82242,24274
5730,82332,17205
5732,82351,10863
5733,82353,31679
5744,82404,70971
5748,82436,5062
5749,82449,24634
5755,82498,37936
5756,82507,73247
5761,82648,38665
5762,82661,265
5769,82764,63443
5770,82776,22171
5780,82926,14269
5781,82948,41280
5793,295725,45767
5795,47880,48155
5798,180679,39497
5807,292501,52735
5815,297162,10167
5843,103112,10750
5845,82958,45226
5848,82992,109962
5854,83064,14664
5860,83113,47890
5864,83170,26325
5866,83189,31921
5886,239060,15514
5891,77713,25239
5901,262396,13369
5905,304729,279784
5916,83326,31695
5926,83641,45840
5928,83678,22023
5935,83739,11564
5937,83789,4202
5938,83806,17590
5946,243794,33504
5948,319470,65684
5951,300214,18602
5955,168786,13435
5969,110613,11317
5973,120042,81048
5974,33152,12232
5977,66563,42569
5980,71222,16938
5982,183056,61578
5998,106753,18773
6012,295289,9582
6026,114704,1484
6046,71334,55909
6049,106833,61807
6051,70155,7514
6052,63091,42645
6067,160611,12490
6076,83891,4628
6088,84171,3028
6091,84228,8219
6092,84234,27088
6095,84266,16407
6100,84329,8288
6110,84464,84784
6115,84489,27609
6116,84504,25872
6131,83107,37607
6133,84725,30363
6139,84776,48249
6149,83941,19322
6150,84920,31661
6161,317234,18302
6165,259054,212058
6174,97670,59201
6179,93771,33851
6200,89343,42035
6203,102303,6524
6204,107563,11244
6206,91920,140071
6207,266971,21801
6213,314353,9567
6218,286499,455
6221,235412,170400
6222,236640,16229
6241,86087,10293
6247,66579,66027
6257,61834,42695
6259,36182,18992
6268,316188,25461
6274,98093,41938
6277,80139,42178
6297,311289,8326
6301,67800,994
6306,327920,14308
6310,95613,107569
6321,100691,47329
6327,342275,38868
6330,274711,11458
6343,314871,251053
6345,88915,1816
6346,90585,42017
6347,86946,17667
6350,92067,10515
6353,81433,21024
6365,234215,604
6370,283900,1555
6373,315327,310
6375,304081,30055
6376,286516,12544
6378,317740,9654
6391,69291,32140
6400,307197,51391
6426,48055,18721
6427,66279,37662
6429,43137,14551
6442,103791,2470
6443,20691,42640
6459,43461,26205
6464,119215,14817
6467,39739,49842
6481,100924,48864
6484,329717,11375
6491,253335,210728
6513,31602,18569
6519,76059,24109
6523,104926,18722
6530,74811,11482
6541,311429,8698
6556,316829,41453
6558,101635,11894
6571,319769,54580
6585,70915,4984
6588,283883,50350
6592,314630,26195
6594,298126,125952
6597,310149,17180
6600,107492,41660
6603,39335,41206
6606,257019,71010
6615,329101,6466
6617,316356,2055
6621,309326,1778
6638,86525,19053
6640,108557,49762
6642,102915,13154
6661,218433,120683
6667,120472,34044
6683,116308,513
6684,67445,6619
6687,270980,2830
6688,286476,15920
6701,365960,27090
6703,304711,9616
6704,264689,55015
6707,303816,11547
6730,77369,9584
6765,328589,10934
6771,362511,18113
6778,100470,41834
6780,103882,1358
6789,115561,12531
6790,267287,10881
6791,92603,11832
6792,120125,51300
6797,101516,10337
6799,101524,42570
6810,102945,7442
6821,79576,33258
6825,62190,36855
6834,108569,55950
6838,177068,45203
6839,311941,14874
6840,67217,32082
6847,108320,88641
6849,66344,13765
6852,61809,18900
6855,216578,62124
6868,335563,4997
6872,317676,11059
6887,316465,13920
6888,306047,4256
6889,328880,10009
6894,87464,14157
6897,219374,37922
6899,92532,31397
6903,74802,59809
6909,325655,10389
6920,65531,11657
6937,265803,266741
6944,101862,11846
6951,312528,10588
6968,109575,1702
6969,85426,19184
6971,101829,9065
6991,87365,11002
7012,100201,2612
7025,102443,23908
7030,105211,20763
7032,100485,14249
7037,103030,8222
7050,27630,28292
7054,41594,43436
7059,37120,17641
7071,72417,29845
7083,90110,42045
7090,299977,79
7096,307385,30140
7099,87544,81
7109,114086,33517
7120,326820,4368
7128,28358,3596
7137,318374,10744
7146,343172,96393
7157,317640,19187
7162,159365,2289
7166,318850,42418
7172,346094,31026
7173,343135,5966
7183,66449,42599
7186,101625,27465
7190,65911,131313
7194,51429,1937
7205,73906,14815
7210,38762,3088
7214,50599,52367
7215,37382,22584
7225,76578,5205
7260,345551,15708
7261,337579,21301
7271,91310,81824
7284,105636,22004
7287,75161,92298
7288,13140,35227
7293,343660,1824
7297,323872,11083
7301,42619,43376
7335,46187,25955
7356,82810,58995
7360,363547,924
7364,332658,16941
7372,277941,10544
7373,167190,1487
7377,301976,13573
7379,318974,10733
7383,323939,14576
7384,336264,13432
7403,97371,68347
7404,92569,89488
7408,44762,18698
7411,93582,4365
7416,73766,16561
7441,358590,163676
7444,337563,10096
7445,328107,9509
7448,326856,10710
7458,332452,652
7479,36515,68440
7483,114651,57811
7521,188055,5247
7561,98061,41965
7568,253016,
7570,86034,700
7573,86006,36670
7577,73822,44864
7620,102467,34328
7623,180303,40930
7698,78966,988
7703,76941,42231
7727,87951,37296
7739,164221,5248
7745,107617,19552
7749,62480,8075
7751,33105,50271
7756,29850,10235
7772,39066,44098
7774,64708,37437
7781,96321,77780
7782,108171,9545
7789,328802,1926
7790,80461,31112
7808,64645,63888
7810,146455,10916
7811,146247,10921
7827,284978,10133
7840,31398,24965
7842,142032,876
7843,258760,1583
7897,65446,23330
7900,65738,3075
7918,102116,25598
7936,63611,26372
7948,80140,42179
7949,73918,28415
7951,100260,20481
7982,365376,4552
7986,102800,15618
7988,120199,10690
7990,79813,26326
8008,46807,18283
8037,116015,105130
8038,13372,166472
8062,285728,25853
8148,86489,36751
8158,102820,20289
8208,38873,56135
8222,69050,35280
8228,22111,28257
8259,77696,16214
8264,73076,17346
8266,87957,13763
8272,65593,31675
8334,68421,15573
8363,367085,12657
8365,323298,59210
8377,103976,47821
8379,85461,42122
8380,106877,65137
8392,89160,71125
8403,49301,42658
8444,92752,21793
8453,139388,44388
8491,42041,15794
8516,38733,28162
8518,20641,42812
8519,71198,28159
8531,381707,12153
8575,243135,24908
8589,98437,29383
8602,53270,15484
8603,97095,36672
8619,111205,44925
8628,114371,54022
8629,167059,23522
8630,120848,207625
8634,88224,21871
8644,343818,2048
8658,101004,36630
8659,299594,39770
8683,68897,43417
8694,35583,43787
8696,69822,40374
8709,97530,27307
8711,40613,32294
8716,28108,43885
8720,103007,53287
8727,72848,5122
8737,115976,99859
8746,328031,21619
8764,118030,147169
8766,38360,20298
8768,41268,22112
8773,35317,18706
8779,310778,14652
8782,167456,14623
8784,333766,401
8790,286921,23750
8793,250638,25536
8800,345061,2577
8801,104503,52936
8812,291392,60015
8826,220726,46831
8841,362129,32298
8854,93624,24924
8865,346156,5137
8885,76683,18196
8888,251370,132422
8894,76504,12707
8895,317052,43657
8904,113449,27498
8908,349710,11128
8925,324619,101887
8933,90985,18499
8934,103783,36616
8937,390022,13416
8946,252028,15566
8947,391198,1970
8953,360025,202587
8957,387564,176
8958,350258,1677
8960,430745,66641
8965,338348,5255
8970,308644,866
8971,420332,4251
8972,368891,2059
8983,385004,9550
8984,349903,163
9006,27657,151848
9010,364517,8424
9016,125510,30996
25741,12364,58129
25751,15624,3060
25765,18770,28189
25774,21577,5729
25785,23037,91
25803,24727,43148
25809,25373,49640
25818,26529,43896
25820,26912,17907
25829,28174,23389
25837,28804,20642
25843,29912,60562
25881,34778,43522
25891,35979,18727
25897,36432,43518
25899,36723,21622
25905,37077,42879
25912,37671,43494
25914,37824,9797
25927,38991,20246
25940,40525,3766
25944,40694,35032
25951,41507,25698
25966,43511,41464
25972,44502,24003
25986,46766,11402
25987,46851,35861
25990,47123,20127
25993,47203,13457
26000,47944,94123
26025,51003,18776
26030,51542,30637
26049,53121,31427
26195,63665,50789
26197,63794,29266
26202,64122,36446
26205,64382,42607
26206,64519,40430
26211,64694,21323
26219,65492,26525
26222,65649,33205
26226,65836,42589
26230,66181,38222
26237,66601,2998
26240,66819,31906
26249,67355,9394
26251,67439,74689
26266,68505,33020
26285,69945,1410
26299,70531,59189
26307,70800,21964
26315,71358,30702
26322,71571,16246
26323,71583,27977
26339,72895,19174
26344,73018,10711
26353,73694,38099
26361,74173,83864
26379,75520,2413
26399,77559,13481
26401,77655,13514
26409,78062,98851
26422,79261,10654
26424,79322,25264
26430,79495,30636
26431,79672,33665
26432,79770,45169
26436,80419,80310
26450,82968,86295
26470,85450,23096
26471,85474,15251
26489,86374,47892
26490,86379,19258
26493,86543,29140
26498,86994,63418
26502,87056,13189
26512,87414,19621
26513,87451,10179
26527,88461,8221
26532,88781,92802
26538,88960,41243
26542,89110,10372
26547,89374,9056
26550,89603,27064
26566,90713,30653
26590,93066,17421
26599,93412,4043
26606,93978,30421
26622,95050,49314
26630,95655,13192
26638,95904,48309
26680,99329,9768
26684,99611,27274
26700,100280,11131
26708,100762,71642
26717,101420,1483
26723,101704,36337
26724,101751,68773
26731,102048,22828
26749,102722,5048
26775,104567,45145
26803,105916,34683
26804,106112,47350
26814,106639,16437
26826,107376,47105
26858,109791,8983
26871,110612,10486
26875,110917,19223
26886,111835,18674
26915,114733,16233
26937,116671,27318
26940,116835,30330
26958,118308,12254
26962,118603,55902
26975,119249,17629
26976,119278,116008
26990,119893,26644
27003,120604,5470
27015,123003,95136
27022,124901,9812
27033,127392,22140
27073,145547,13428
27081,150143,47186
27095,156610,47060
27096,156849,84002
27132,164699,54860
27147,167752,49745
27204,189456,10205
27205,189630,40476
27220,196267,5458
27223,197569,65296
27234,201290,32306
27238,202381,10482
27276,216165,2463
27277,216417,16874
27298,222368,9439
27313,234041,82550
27334,240912,62529
27340,242888,25988
27344,243558,19738
27347,243931,26014
27351,244870,11366
27359,246875,38294
27360,247645,18836
27365,248928,55256
27366,249241,23160
27368,250223,2899
27370,250491,18088
27391,257850,19448
27395,260054,32248
27396,260924,47115
27402,264508,10836
27410,266425,12900
27416,269389,10978
27432,273108,41714
27434,273517,11056
27497,287535,35583
27513,290661,9025
27525,294918,125842
27537,298482,10981
27539,298504,10918
27549,301167,36222
27564,304678,53244
27602,312700,18248
27608,314063,5552
27611,314979,206216
27618,318081,10077
27641,323443,55496
27644,323807,38970
27647,324264,26491
27657,327409,22076
27668,330501,44203
27675,331834,5844
27679,332831,61485
27683,334541,10891
27703,338467,27079
27705,339135,19277
27716,342492,4972
27724,346293,2518
27726,347037,189332
27742,351887,17457
27744,352343,29987
27769,363579,40876
27773,364569,670
27778,365265,12583
27779,365514,21513
27780,365763,12608
27784,366292,9694
27799,368259,13371
27803,369702,1913
27811,371589,15177
27833,376890,18711
27847,379296,57337
27857,382330,464
27862,383475,59196
27879,388888,1843
27882,389326,291
27889,396401,16843
27899,399877,8357
30742,52218,38724
30798,219519,113213
30848,369672,9953
30850,379889,11162
30894,375210,11804
30977,107824,40881
31107,74901,59143
31114,373024,25350
31123,310203,7229
31203,144557,13563
31221,357277,9947
31251,87452,24749
31284,75265,19610
31290,101412,27549
31297,26421,43892
31347,32338,34778
31351,24314,100894
31420,398712,8978
31424,369226,12142
31433,372532,6961
31435,417791,31165
31445,362590,11413
31522,79095,661
31539,390336,27007
31549,67085,55624
31584,298131,6317
31598,101404,135473
31610,363290,34561
31672,112800,42845
31685,386588,8488
31687,407121,13682
31698,362165,10214
31750,88330,52778
31785,388318,18279
31813,303394,125953
31826,372806,41475
31881,169222,36867
31925,73639,54302
31960,203975,30331
32019,377471,4551
32090,110400,87169
32126,120626,54380
32172,407936,133382
32199,342636,25283
32213,377713,438
32291,378947,9688
32314,374639,48463
32349,29608,43865
32369,42832,32078
32444,85297,42106
32535,132905,120129
32562,382734,21131
32598,332047,11431
32605,397103,45824
32620,356999,51945
32632,70022,26332
32649,76085,42229
32691,72245,85673
32716,75753,50435
32788,219288,31321
32825,88083,19673
32836,201631,41115
32860,86136,54156
32862,63821,39225
32906,75404,50183
32925,287138,13618
32974,97694,185987
33072,72962,43003
33110,36260,37992
33119,43809,43379
33136,372334,24363
33142,192766,113178
33164,397065,10066
33166,375679,1640
33237,28216,43881
33253,85501,133750
33255,31826,16902
33321,40740,30624
33410,291832,14672
33415,292242,11628
33426,370244,16976
33437,342258,10027
33493,121766,1895
33533,379577,56946
33644,449086,12700
33688,437407,20651
33725,388139,12109
33760,38303,43471
33779,184424,13589
33808,344273,44524
33819,382073,29080
33830,400497,11451
33901,380687,9976
33919,337945,25426
33940,78133,102841
33958,26129,26323
33988,108410,50536
34002,30696,15938
34099,119429,100196
34111,455507,13014
34115,71221,18257
34135,380485,78344
34138,103838,73376
34170,78924,77593
34185,98383,28706
34229,44419,43367
34373,116791,10542
34375,378897,12497
34411,446320,19112
34469,23775,27449
34520,377818,6519
34542,427312,501
34579,246404,18165
34608,52619,57103
34648,380164,37284
35347,47834,11848
35836,405422,6957
35957,421239,11460
36405,35798,59882
36426,34521,22741
36531,428251,7182
36535,404030,340
36539,429177,23703
36576,25580,51277
37382,421054,9923
37386,402022,8202
37683,78952,42168
37689,331338,29656
37731,385002,8923
37739,388980,15487
37741,379725,398
37830,385700,647
37857,366780,14517
37949,212292,88286
37957,445161,31227
38001,397530,10087
38038,312004,533
38061,373469,5236
38159,95467,31056
38164,32194,43807
38188,454792,14788
38198,424024,10700
38600,417658,10475
38656,72235,1559
38798,388125,11931
38881,67633,26513
38884,53054,43110
38992,417217,9910
38994,369053,38583
39402,406038,19965
39408,443567,38828
39777,23551,26845
39779,25862,18994
39801,425661,42000
39886,420015,16022
40015,118635,32117
40111,68649,28170
40148,365686,10851
40457,65854,39261
40617,381966,8555
40629,414387,4348
40681,389957,10064
40887,385056,7301
41212,411674,48121
41336,51983,35124
41571,397535,1904
41596,63801,42687
41688,346800,17595
41699,51790,43118
41716,365485,9515
41721,382806,16151
41812,32676,43812
41831,34277,17382
42011,369441,7552
42189,384036,10809
42213,175680,20546
42285,116075,9568
42518,37595,13669
42546,41737,30095
42638,338075,16433
42698,419279,6934
42725,456554,9900
42728,375154,9044
42794,99188,37865
42943,89913,12701
42952,34399,27622
42987,423651,15594
43260,448172,7295
43267,462570,78237
43333,240200,7509
43497,68205,12116
43652,451021,16452
43692,120678,30712
43762,64990,1651
43904,455857,10053
43906,401815,10263
43910,473692,15675
43923,455612,16781
43934,424942,17700
43953,402755,14086
43967,125678,14887
43983,434008,18747
44073,41931,4173
44153,88919,18493
44155,366450,16791
44189,384814,1967
44193,454945,9655
44199,454848,388
44204,468565,868
44225,429591,14191
44421,112120,55676
44571,262411,143223
44590,69019,49361
44611,66450,34732
44694,441909,219
44731,441796,10069
44759,430912,3093
44777,383353,10177
44828,439815,9035
44849,386741,9389
44851,416331,460
44903,47976,79363
44943,312318,11304
44949,453494,18276
45003,440803,17111
45047,77372,27201
45062,443632,5820
45134,30252,48369
45188,445760,36253
45194,15174,42512
45329,66390,14384
45335,24028,28432
45382,398027,7870
45521,413466,18484
45531,427038,12261
45635,404802,15402
45656,409034,53905
45664,396688,20021
45689,66842,122271
45732,465624,4474
45845,205725,4962
45852,437179,10007
45942,70359,48693
45950,497116,1781
46065,352426,71769
46083,446685,34787
46098,459242,29138
46207,239496,27320
46500,74836,60269
46530,348150,1452
46561,478197,57406
46581,432260,16429
46588,489707,19999
46634,439008,19676
46765,49263,42839
46803,32155,43838
46865,430304,9072
46910,71361,27716
46915,415778,9727
46948,385880,9297
46965,417148,326
46967,457513,512
46976,420223,1262
47076,377569,24164
47196,49653,43542
47254,402910,5289
47261,448075,9782
47264,414853,9907
47382,462590,9762
47458,103295,18672
47482,114126,10348
47503,472582,2168
47518,384793,9788
47566,39211,33813
47601,49743,26502
47606,27421,57840
47642,462346,24115
47701,75144,63848
47714,38363,19072
47725,473753,11227
47793,436689,24055
47810,450345,9708
47902,40175,29966
47952,475944,9954
47956,31507,43829
47978,423169,13075
47997,387808,7512
48214,382357,1595
48264,63787,5721
48268,376591,41758
48322,493430,12094
48412,406816,4643
48560,439289,7510
48591,433386,1975
48593,483726,9895
48638,74291,42236
48682,499537,13209
48711,805526,18925
48738,455590,1523
48817,492492,43673
48825,417397,14097
48863,431641,5890
48970,258885,80427
48972,407236,21156
48982,424095,11619
49079,30149,67880
49200,40367,61650
49205,433442,10093
49234,388364,13542
49265,420901,8588
49284,499603,2357
49389,439,5698
49396,365830,2179
49422,464913,15152
49494,74776,38450
49591,72886,39554
49666,422295,18615
49746,22550,95797
49757,91786,46948
49759,70337,97519
49824,443489,1125
49902,65622,33583
49926,422491,47143
49953,90798,20537
49955,364120,12812
49973,68370,20842
49985,33582,34943
50011,808185,13318
50076,36275,43512
50229,62873,2433
50253,43455,42567
50279,397551,33375
50379,422133,27095
50583,468795,27337
50796,397044,10075
50800,425430,9966
50886,428541,11650
50912,401711,2266
50942,423505,9965
50970,66115,40973
51037,450340,9828
51053,379473,71506
51086,481369,3594
51091,462200,7874
51094,375785,14845
51103,463903,29965
51119,88983,48215
51203,63210,42630
51249,52805,28955
51312,398883,24653
51314,465188,1993
51357,112681,12554
51433,399738,38021
51562,106336,10942
51632,344864,8965
51666,475937,10790
51686,28373,64142
51709,468492,1255
51894,19071,52679
51931,490204,2355
51933,475355,16385
51937,800069,9793
52005,382765,4657
52016,374089,19495
52287,396555,1267
52356,424908,1590
52443,493247,14945
52448,455957,11515
52551,780595,16392
52696,38165,90984
52709,419420,21810
52730,329737,13352
52922,43540,46875
52938,88678,19947
52952,480025,11798
53002,791304,13159
53143,444628,24200
53161,497137,5488
53187,449303,78057
53375,101962,36679
53447,842929,1990
53466,479500,14043
53468,457572,10288
53808,490822,11211
53837,105508,54934
53839,119040,125025
53880,64855,32575
53953,450385,3021
53988,765447,6022
53993,413099,2698
53999,374563,14125
54094,446687,11404
54116,432289,16083
54121,42286,37292
54185,832903,24582
54196,443455,27359
54243,342882,44502
54256,787475,10074
54259,486655,2270
54276,481141,3638
54278,467110,6589
54286,440963,2503
54326,439810,155386
54328,778784,4516
54331,796375,8141
54341,430768,59995
54372,362225,10795
54419,402906,33916
54455,88242,31601
54510,808331,5956
54580,431979,12455
54734,815244,10760
54962,810988,12994
54972,421143,53975
55050,401420,19583
55071,912593,12901
55080,476964,4413
55132,476643,14788
55147,246405,63607
55199,770806,15071
55257,486640,2728
55267,480242,7211
55278,857265,4520
55284,804522,5125
55292,790804,10759
55298,486572,14848
55343,480011,13538
55442,808417,2011
55517,391229,13066
55659,81494,48301
55705,817225,2015
55737,780583,16126
55805,292963,7972
55901,445336,5817
55908,756683,13363
55955,486583,5375
56022,113264,24732
56176,952640,6477
56253,296881,44783
56485,396190,25460
56490,775438,25740
56574,433398,25784
56607,419887,7979
56614,443844,45126
56624,439511,157373
56691,443527,15495
56700,473356,14148
56748,460721,23817
56788,472062,6538
56801,758730,440
56959,47200,28363
57038,241663,60141
57223,372873,10253
57378,345461,24624
57401,896798,13252
57421,422401,11908
57426,887719,15017
57478,19074,27507
57502,385586,25078
57528,462499,7555
57530,770810,16988
57538,785007,13160
57690,63599,17665
57754,814666,62652
57772,70904,53094
57843,901507,13054
57845,800099,18893
57972,460766,15030
57991,34891,28093
58033,937347,14105
58282,40317,38804
58287,463027,21373
58295,200465,8848
58306,416044,12246
58334,466816,2239
58367,462023,14066
58381,807721,6391
58439,64253,33166
58509,34241,43797
58610,468442,79161
58718,499570,18633
58816,473074,31421
58826,827521,24411
58839,379865,4942
58876,489281,8988
58898,454065,13317
58904,83728,14272
58939,827713,8281
58975,963794,11152
58998,800039,9870
59014,426592,11918
59114,69134,28131
59126,815241,13007
59157,27800,27918
59173,73240,31604
59178,28345,38661
59258,871426,8780
59306,926129,8617
59339,475984,16135
59362,497323,14000
59429,974959,8277
59447,106911,41648
59649,893509,10120
59738,490076,9022
59795,939681,16117
59832,43132,17221
59842,52792,50231
59844,62639,4857
59852,63775,48564
59922,312886,51484
59947,89847,45408
60030,491162,18467
60040,800080,1724
60096,304808,23676
60126,425061,11665
60311,34522,29882
60353,17048,94525
60397,795421,11631
60421,847897,14634
60463,985025,14145
60482,787523,10190
60503,879843,13614
60530,869977,10818
60579,453383,572
60618,444672,18035
60641,422783,14820
60702,865957,14154
60737,472205,22100
60806,240684,10898
60827,949489,30112
60887,841084,4140
60894,819714,14061
60904,96126,43680
60941,805570,10185
61011,783608,13251
61073,411475,13300
61083,382053,63474
61267,486321,13956
61312,425308,15661
61361,430770,13972
61373,98672,16182
61467,790657,12818
61692,457275,14458
61970,119700,38226
62113,455538,13092
62137,956038,14326
62374,758774,12113
62801,68817,41474
62953,306011,69299
63131,430922,15373
63141,38033,173634
63271,43591,215471
63312,772181,4627
63446,993789,8892
63458,101628,12525
63483,887971,15749
63515,851577,22358
63617,363240,14089
63793,43117,37327
63836,118840,34867
63862,36307,32862
64037,409345,10900
64249,897387,13394
64278,828154,34283
64338,107065,17912
64368,87805,28148
64501,374569,8880
64575,918927,14359
64716,814314,11321
64747,478207,52615
64845,955298,14772
64903,184773,86082
64906,182766,79090
64918,304547,47499
64953,95022,36573
64983,985699,2253
64997,449040,34812
65037,953318,6936
65227,13075,42366
65230,822832,14306
65261,876563,12429
65300,816539,16205
65352,52880,29741
65381,48339,26758
65468,42372,113921
65562,441297,49256
65588,447166,26235
65682,834001,12437
65698,40082,60542
65796,80772,15227
65810,472198,14410
65840,487271,6733
65878,287140,27447
66006,46757,62753
66234,805576,16170
66337,412596,52512
66544,208629,18884
66579,831916,21851
66586,783518,24351
66808,400426,7916
66900,493424,10049
66932,195630,111014
66941,431114,8382
66981,28653,53574
67140,22698,34474
67359,48199,47739
67420,493402,14735
67657,478329,18096
67667,41198,33811
67748,475380,18558
67803,221455,330711
67812,200192,22705
67869,27623,3632
67871,787505,9841
67890,53182,1940
67907,127626,31132
67925,20768,34796
67983,833960,16867
68033,75393,93018
68157,361748,16869
68233,44872,95977
68244,120619,67849
68269,962736,18320
68319,458525,2080
68329,26273,53624
68474,24500,23391
68495,484437,48116
68522,393597,10946
68548,880648,17027
68554,808151,13448
68590,275410,90120
68653,26276,42943
68662,104283,18495
68667,810945,25218
68853,43781,43378
68886,478724,19955
68897,81110,36460
68901,990404,15555
68932,821642,17332
68959,485323,14003
68974,19379,31404
69118,910905,13975
69131,443559,16164
69217,25455,53622
69243,870195,26506
69356,80180,18061
69421,69976,28110
69432,492487,48288
69448,479519,8269
69453,73260,27085
69464,233651,20152
69481,887912,12162
69503,85603,24772
69506,100079,67515
69542,102178,24734
69609,419815,43638
69685,285627,24232
69732,354690,16226
69821,110490,38940
69858,86890,60623
69873,120882,10353
69926,34236,76465
69947,76709,48773
70062,138541,37516
70130,81076,39415
70511,25699,22602
70531,25830,38107
70751,228528,164741
70795,27697,46351
70828,395417,200039
70833,20298,42638
70837,69446,18568
70976,823240,45458
71057,472033,12244
71154,790665,6309
71189,22150,32317
71239,906734,3511
71243,41954,25900
71302,51380,18724
71304,762073,22536
71453,41842,91262
71486,856778,14476
71545,102638,54191
71606,86542,63978
71634,28313,74469
71719,30063,43850
71728,274518,33380
71732,902290,21910
71760,73166,85927
71779,75627,44630
71792,9611,53423
71823,808399,12572
71865,105256,180576
71966,189219,21058
71999,14646,2973
72013,238768,141640
72104,96880,44338
72117,26725,43893
72204,492754,38065
72226,432283,10315
72261,114108,54648
72290,19649,85715
72310,62804,95600
72380,362478,22825
72386,913425,8088
72552,87866,30231
72587,67546,54966
72591,120786,6058
72605,765010,7445
72618,128648,109175
72668,257231,1284
72762,913354,4597
72876,22017,42836
72953,976026,16576
73027,824758,36811
73064,77729,42206
73121,139465,51831
73162,199650,122163
73168,806203,25769
73328,418239,57251
73444,321997,95140
73478,390393,26961
73569,92501,21521
73678,105871,44941
73772,104753,49956
73776,995029,15930
73851,90968,69061
73874,346631,22164
73879,273842,71885
73900,378072,4253
73922,105297,59390
73981,33873,22404
74095,98692,21453
74099,33226,17836
74129,439182,46336
74159,430063,47554
74255,95958,99749
74282,92571,40724
74302,106850,103201
74473,310851,81382
74478,122804,183946
74508,844330,13949
74547,65611,42586
74553,485601,26963
74688,989757,22971
74706,257497,63195
74857,48667,61880
74946,815236,34016
74967,768218,20471
75335,817544,18514
75370,107863,36233
75438,959329,34335
75820,43665,49508
75938,92848,5753
75950,46949,24973
75992,51435,43138
75994,51436,4933
76044,845967,88282
76066,233481,20216
76085,66482,89199
76241,331639,161179
76301,401398,13417
76312,77275,24429
76680,462219,22419
76714,21873,42669
76716,411323,18273
76722,31747,39459
76772,218871,1568
76816,468704,18426
77141,50379,22649
77184,63094,26186
77291,92580,25832
77298,430224,17960
77312,791303,12408
77318,96046,40168
77326,72752,44132
77416,85318,18406
77540,970452,32985
77808,75774,42217
77951,250264,106813
78014,312859,40998
78408,485272,25869
78420,43660,28434
78438,50347,35129
78528,41327,99627
78698,243415,26916
78903,70959,91487
78916,340137,4676
78955,64873,59231
78961,993841,24963
79081,47073,23097
79213,217019,72356
79299,874957,
79335,24433,162862
79388,63443,26652
79475,156906,86266
79521,208995,45043
79578,76252,39008
79627,291833,20591
79656,43599,98328
79846,407821,21781
79863,816436,14138
80074,406098,33682
80086,843302,46164
80102,23891,37581
80129,66936,105347
80146,77707,88034
80158,154129,32638
80181,807840,9761
80191,45758,10165
80264,38000,52337
80348,40109,40985
80405,846017,32151
80424,34384,43804
80444,119329,148636
80494,48488,35956
80570,47550,50356
80574,38053,46563
80619,67975,42530
80677,52698,34145
80748,23753,25694
80799,17534,67531
80808,69002,32021
80827,16690,117211
81200,28330,52358
81312,452592,13548
81389,459387,44986
81548,51534,77960
81610,33283,80720
81676,374308,13630
81698,217978,49110
82030,47167,64782
82055,20821,120835
82196,41513,80572
82271,120494,39968
82274,403990,32234
82311,26452,31988
82358,439491,195833
82368,68187,84108
82638,94011,31300
82705,74400,48203
82877,455638,28025
82902,256692,107548
82906,337578,39839
82909,46398,102091
82911,30018,112674
83182,451829,21136
83318,12224,51360
83448,432314,2325
83763,13422,38830
83791,35958,18562
83923,470000,10854
83956,327071,33146
83969,32410,43810
83974,40626,18703
83986,469913,15316
84094,67962,32319
84098,45029,76229
84279,74815,117258
84485,47417,28023
84508,47388,74074
84510,214529,35831
84639,33022,46260
84648,62414,119183
84689,29656,150712
84714,67176,53045
84794,118141,54506
84832,104121,31987
84863,891457,43088
84985,63260,33228
85143,33314,106406
85177,68152,31644
85203,21074,144792
85205,16104,53230
85309,40848,43451
85354,411272,15362
85450,36699,81751
85609,372303,10356
85883,79366,57537
85894,38238,44087
85997,372832,56527
86064,910860,8896
86091,107719,73191
86148,901494,21372
86181,46750,36871
86334,36038,40719
86372,52950,76714
86405,814331,18826
86418,21750,29745
86420,450470,12221
86518,3419,28627
86673,84931,88451
86745,91125,79179
86748,419773,1115
86809,840787,24810
86900,63410,86284
86902,45492,63858
86904,45932,41611
87036,254325,52049
87038,40444,25672
87049,970935,23516
87334,272022,87945
87473,493395,8343
87516,34242,94241
87560,45049,43188
87683,329679,125233
87697,805613,1736
87761,91859,18125
87773,20092,147846
87794,433028,41593
87798,20446,169842
87890,68337,72449
88015,79103,40047
88055,448131,24189
88166,97302,80613
88171,42752,134168
88205,255730,74946
88210,35689,62749
88376,783328,67636
88411,765442,51735
88429,52117,111678
88466,783695,22093
88589,71396,24923
88680,498846,11110
88756,259929,35257
88821,44900,185197
89018,40597,111960
89098,70180,80382
89114,49431,4938
89406,40869,52278
89408,50135,106833
89478,84867,23587
89485,46057,85498
89527,36919,43511
89596,368287,103475
89712,370477,5473
89763,24302,109886
89767,37932,42077
89806,46149,65283
89829,22430,91961
89831,44083,95949
89881,44091,41800
89969,87606,103590
89977,10071,70803
90172,43053,52847
90196,42541,83015
90203,69013,85365
90371,49405,27999
90535,74829,92751
90545,51114,83354
90568,443678,28687
90704,64400,42605
90813,110958,64347
90951,71890,4790
91028,51016,43252
91056,41162,93560
91181,22335,82397
91195,433624,24185
91218,25263,178452
91256,276951,125700
91331,46432,172908
91391,79256,91781
91395,65086,66488
91517,98486,15736
91617,310313,99642
91655,44370,40693
91741,366416,2349
91919,33727,31309
92118,91355,78450
92184,81793,27230
92255,371853,42968
92354,66050,70387
92518,61868,39276
92533,851430,25143
92867,407269,14933
92946,120171,158920
92956,113666,70374
93320,383678,38674
93333,4936,53410
93397,68022,196784
93674,82883,42147
94746,808339,14400
94750,42767,76011
94951,177707,104396
95052,191915,12255
95205,64247,212622
95230,159542,
95524,930083,21506
95533,74515,42226
95606,118489,57346
95735,68509,57215
95932,109770,22059
96060,124307,94548
96148,304584,36996
96294,312450,36859
96405,291082,14128
96520,114182,215999
96601,424176,37661
96629,87127,15895
96689,477065,16640
96799,276428,48654
96805,209174,38091
97010,449599,75318
97039,36135,41996
97296,52169,34078
97724,458227,71261
97726,76770,6078
97792,82467,27420
97973,119710,119639
98027,24819,110540
98251,855852,25746
98284,28872,22969
98389,51881,94480
98460,81613,119916
98493,76227,18758
98518,410626,26168
98581,101869,294261
98695,163494,81850
99122,97550,41153
99130,113376,44470
99191,115813,16315
99343,179841,47953
99351,98350,22379
99642,105598,36257
99669,159241,31022
99699,361856,143247
99768,893346,19844
99832,239921,100592
99941,70000,84834
100165,42650,20088
100192,102129,109475
100251,71627,42452
100446,78203,119010
100577,65400,158262
100904,339422,56744
100948,140788,126132
101064,52354,86244
101133,996396,82866
101235,41428,80890
101287,228456,30198
101375,7558,148357
101627,37610,160660
101664,222012,60579
101715,893406,14607
101728,395669,31389
101938,43262,34269
101954,65380,32599
102007,903135,13647
102047,33432,29886
102176,79445,56584
102201,74653,32100
102338,75202,45736
102495,795473,82594
102590,462246,16150
102598,212742,41738
102762,340258,26146
102777,430650,55657
103257,385013,82134
103259,177876,41586
103266,30470,59584
103273,82592,39982
103317,397696,180050
103411,89034,80368
103422,238064,114761
103433,950740,72140
103462,109895,30654
103523,806940,20223
103598,80835,106848
103621,99173,5898
103912,109900,77728
103920,450238,17275
103990,96310,28173
104043,114754,50277
104135,50432,36089
104141,346578,21683
104264,28850,155751
104390,760188,19029
104459,51133,51166
104664,95177,211729
104673,80997,107355
104689,103002,24789
104691,106436,52017
104698,50414,84058
104748,295369,27712
104835,76191,40231
104956,107292,27885
104969,27969,41349
105020,97081,102059
105034,90005,124531
105042,65198,74137
105057,50928,108564
105077,24961,41347
105081,4277,53374
105098,997057,34937
105119,105078,114726
105240,452692,15810
105308,102848,24331
105412,455949,49393
105529,803890,113364
105761,86980,82407
105821,47966,35911
105936,65776,38221
106190,47400,156566
106212,774118,14297
106245,64470,49186
106302,387596,19644
106365,72228,84324
106434,92750,97971
106485,99260,13293
106529,158591,
106538,62979,4578
106607,198913,42870
106616,75990,3030
106674,109494,107311
107013,188504,45697
107028,254334,57047
107075,112668,47257
107128,76313,47794
107236,64688,38792
107248,81250,29565
107268,116056,213842
107312,249677,18269
107370,71950,82362
107404,77525,70490
107410,86723,20894
107424,99401,58899
107426,90930,40342
107460,87373,37168
107469,817307,21138
107673,124621,100812
107752,69536,58061
107765,99462,66469
107774,72399,250188
107869,82461,40593
107877,65163,42329
107912,382721,39516
107928,290916,8434
108014,388377,24671
108052,346039,27093
108282,99578,41374
108332,356922,37351
108503,63000,34131
108522,458375,21073
108581,217679,36075
108597,86345,7269
108639,14672,104067
108685,82425,107430
108862,85627,40352
108891,62518,54278
108918,52617,109949
109017,44417,43191
109168,80486,84362
109205,81242,206822
109235,32247,31445
109319,467923,60160
109563,369281,19325
109645,21649,156415
109790,459744,45384
110004,74962,86133
110006,80116,46460
110259,67870,65674
110318,267440,117905
110352,377309,9753
110435,73697,34459
110488,997143,22530
110508,103116,40740
110613,44013,62661
110633,22639,161297
110818,66564,123961
110850,28665,43857
110860,113939,85564
110921,24831,43901
111105,65989,44721
111264,88402,38980
111312,865907,16931
111578,68504,95551
111595,251094,49514
111657,78034,47901
111776,48789,60643
111789,76119,64923
111919,51501,4926
111999,26891,93057
112019,44333,44631
112021,32206,43808
112110,380201,27592
112259,74973,91722
112425,415141,13167
112772,94794,40222
112780,277944,71704
112807,98492,30146
112842,49034,43257
112961,76749,46853
113107,128274,46076
113325,43372,161602
113380,402505,62045
113457,75801,5800
113555,110168,81828
113648,62751,85765
113790,428959,64973
113798,36706,38462
114064,49616,98116
114124,77986,88285
114128,90779,71181
114177,87777,87151
114380,138353,182799
114685,140603,65485
114799,68356,88375
114898,22149,156360
115075,120254,54113
115139,41238,43398
115207,351382,36072
115249,32324,38457
115309,149215,28302
115671,35777,69017
115708,88805,48504
115754,78335,27805
115899,412412,93407
115919,159603,55069
115937,397501,12450
115971,848538,17108
115979,340919,34995
116026,417532,54625
116050,178130,64679
116062,97074,32079
116187,34407,97193
116193,34328,95874
116221,114759,50114
116245,99300,71034
116329,109514,169339
116331,112765,25391
116572,21778,154515
116580,479008,73103
116670,65615,131347
116702,202152,40644
116734,462160,15476
116863,21273,56178
116941,99878,17009
116971,82084,55538
117113,32819,38459
117186,32281,56152
117354,922547,19222
117370,70672,32080
117424,69024,29596
117551,384212,73452
117557,101695,242680
117559,112839,24623
117604,256639,44131
117666,45718,43343
117684,377057,37641
117736,22802,78327
117907,273850,89280
117985,43288,69784
118008,47813,252721
118093,79094,131194
118284,72791,2139
118302,83465,37176
118334,102585,17792
118344,98375,39195
118346,108350,78247
118448,25227,48443
118458,455115,39928
118524,67487,42499
118532,115899,38366
118542,75766,28844
118688,40331,43441
118708,39031,225499
118792,435665,29293
118826,328945,9940
118852,272950,27739
119143,65726,177043
119438,67359,215538
119444,130159,63264
119609,37678,30102
119699,66924,16825
119756,194773,49380
119832,81467,27905
119836,79156,67219
119898,106578,101125
119975,105410,70984
119977,53241,13383
120258,200374,51175
120436,87313,105404
120450,89199,31609
120454,460808,50392
120486,109555,74309
120524,62731,121611
120572,339091,66667
120747,31565,197737
120787,15873,115132
120857,430926,9755
120869,10,774
120911,486138,38327
121079,33512,71433
121085,37632,36635
121087,40862,70136
121099,324941,13654
121119,88583,18729
121122,758781,15434
121141,99327,25373
121148,756648,5139
121176,263265,33932
121190,324532,39227
121241,84747,24745
121312,78089,38020
121344,64158,61411
121360,67069,139324
121399,78843,180407
121405,98660,78151
121426,38514,86901
121440,65230,39295
121457,217074,36251
121583,436374,48594
121792,210294,16174
121799,104808,50687
121867,38245,259593
121913,31641,111577
121921,39160,29236
121975,33932,80694
122019,69044,92287
122037,343449,22451
122056,27656,127815
122084,53290,29996
122161,102566,108822
122173,22308,163773
122230,168355,63039
122264,107333,52627
122274,790816,35979
122282,78672,77172
122294,98328,33545
122296,128977,96716
122317,134969,32139
122331,398378,49597
122341,62479,42703
122357,115820,48358
122395,114366,257315
122517,470982,9973
122539,166219,143963
122541,196516,136984
122559,426550,31277
122655,61858,6319
122675,17196,66812
122681,119732,49727
122687,274905,112648
122729,110706,49050
122754,113950,107096
122760,216930,38132
122801,977663,23816
122805,114137,48374
122817,473553,53953
122825,44070,171130
122839,37062,94851
122962,49635,193562
122992,63553,42650
122998,23139,157807
123000,20081,246292
123026,33728,109109
123089,66064,45398
123101,472465,36965
123141,43013,43393
123172,261992,14427
123178,93489,49712
123196,250698,41235
123274,73229,221135
123320,385988,44507
123369,48730,59141
123439,367245,165569
123445,99936,101315
123475,46029,65489
123516,25173,121003
123518,24100,223816
123545,41190,228074
123559,111264,197655
123581,24130,90957
123591,33660,29609
123625,97648,69898
123671,21060,162928
123715,82778,30002
123747,164110,113737
123751,51174,38261
123771,42315,215453
123783,217749,69936
123792,66863,42519
123814,44166,68976
123846,308132,130018
123872,23838,147876
123937,124565,29672
123997,23498,43131
124001,29401,127040
124059,273907,42182
124065,38958,40824
124085,114192,29799
124113,40513,130425
124147,39908,103422
124164,48822,53441
124174,51141,108812
124202,31335,108319
124209,33191,86902
124213,34389,90460
124217,34808,65546
124263,53044,36491
124287,137279,107054
124292,42609,43392
124294,38080,38465
124304,70158,72460
124318,67162,79645
124322,244491,42354
124380,49621,46421
124440,161743,55180
124444,44751,114872
124492,29662,147722
124494,39365,43465
124507,97630,122894
124531,99991,123770
124579,40875,128309
124589,22971,97657
124609,24421,183886
124655,48588,208434
124717,119867,38734
124739,67977,90391
124743,31466,184955
124753,63534,33736
124759,22059,97327
124811,24465,96702
124817,52934,175681
124847,69091,87464
124883,46240,96876
124905,43595,115111
124909,29010,43859
124917,22469,121018
124925,29626,105551
124953,50467,145691
124977,183808,141319
125011,34273,43746
125031,38773,61151
125037,34770,94577
125087,434345,10151
125109,17480,132177
125113,41847,38395
125189,48190,28490
125273,200710,37053
125301,50646,138699
125303,68173,24084
125305,91688,40468
125307,473500,44974
125355,75378,31919
125381,457475,23200
125389,80808,83802
125457,31536,27966
125475,43895,61855
125479,247394,82243
125481,116619,108716
125503,24675,103938
125517,50283,23525
125521,73880,72455
125574,62117,171908
125591,65025,61862
125854,80625,55321
125888,26095,72400
125902,73686,53931
125950,80832,67866
125968,104534,23998
125992,213536,52458
126243,28353,82237
126283,29190,56557
126333,113220,83288
126729,66848,85496
126753,62981,135337
126943,53041,28770
127013,39317,29470
127679,64350,85617
127721,76937,92316
127831,378879,75224
127865,409999,28508
128021,39574,119102
128201,420408,22211
128239,89271,30577
128429,68416,6591
128516,429898,43584
128528,108048,134746
128536,257290,22974
128580,353962,8743
128644,27665,90358
128665,159752,51854
128675,113313,58028
128774,73205,94129
128882,85900,12504
128886,71864,60430
128944,119310,11425
129013,342317,13587
129040,70752,86501
129042,70599,104644
129189,261277,69974
129197,433649,54796
129274,75082,37455
129311,477392,13842
129376,73367,27706
129456,961206,146380
129508,52367,93181
129514,963207,13643
129522,119522,38017
129655,79630,104912
129701,50717,31243
130048,360232,30460
130091,78928,85511
130097,31045,99909
130114,118993,61183
130170,95357,48719
130178,27824,30639
130194,112444,39001
130237,94325,85798
130280,62365,86740
130328,126220,13923
130386,156789,154140
130396,102439,47432
130418,71268,53102
130420,70497,103432
130430,65097,230400
130514,115387,30496
130586,95386,38198
130648,68235,59098
130730,79118,10580
130748,99656,31281
130750,82363,194697
130758,177606,141879
130762,91862,23504
130768,207377,57219
130786,89883,84416
130802,97119,50295
130826,100506,77824
130892,82642,35453
130922,77357,106682
131150,461642,10036
131190,96786,86094
131221,88695,119525
131241,239450,9478
131243,304931,10470
131246,109042,214922
131278,78345,264098
131415,68711,121520
131455,33871,26321
131546,91173,61117
131548,87385,52736
131646,319147,62545
131670,82956,14630
131702,94916,151370
131759,85679,38923
131769,89997,38981
131840,73601,111149
131868,89304,40600
131870,91631,119592
131880,91969,27886
131882,87525,75597
131900,91727,129332
131910,97994,38967
131954,150786,29108
131970,87333,84777
132002,86050,37935
132008,192573,58242
132084,113638,335145
132114,144555,10370
132124,288808,53670
132216,52992,72002
132230,47879,38059
132278,81233,85184
132284,30089,94739
132384,75950,32029
132396,63584,333174
132408,89491,49823
132410,88176,154276
132456,456144,21461
132478,106671,46808
132539,80440,26503
132584,327698,50794
132688,104225,70026
132812,20305,79971
132814,34486,79973
132820,33998,80167
132866,48108,81710
132916,72930,40348
132926,75987,28325
133087,69956,68146
133111,74855,91473
133139,859594,13002
133169,480345,15906
133209,116891,54002
133221,73340,37339
133268,138464,40742
133305,162211,65252
133345,35009,110980
133481,74914,254493
133533,63237,139170
133567,434541,13775
133767,109117,58128
133788,71189,40029
133794,228979,93184
133861,75249,21554
133889,75030,51560
133902,25422,235678
133919,31125,74314
133923,28667,38433
133947,106837,290715
133982,300470,61803
133990,83146,78552
134067,275668,135067
134085,123186,27922
134124,67321,3122
134236,453729,21567
134292,74769,37904
134342,432047,20968
134344,437238,20364
134501,403888,246917
134513,77917,103612
134682,65520,96265
134720,87852,108387
134757,49432,127564
134765,44136,29467
134959,100946,5302
135057,114864,71063
135119,76208,46278
135168,84698,94066
135184,107061,17189
135278,790781,61717
135466,457342,134890
135526,437856,212934
135577,75357,114255
135653,425235,1838
135655,197626,92657
135657,443057,102368
135706,3471,96128
135741,98155,29014
135771,136352,160265
135783,284137,80156
135837,473310,31248
135848,246734,18881
135935,174732,165621
135947,102210,36896
135953,486761,21316
135957,336325,10578
135961,954541,14503
136202,117342,30926
136353,418141,12902
136447,246645,34513
136497,466460,15412
136519,841150,16657
136534,267536,51531
136558,94813,87533
136684,267817,31140
136810,443334,58788
136828,87480,81009
136944,72024,86204
136950,100172,40000
136980,858437,29797
136986,99429,65683
137002,961088,39824
137004,105215,200450
137056,114376,122982
137064,117995,75471
137078,180207,108391
137082,108999,274544
137096,814365,65367
137375,102212,266978
137409,98089,86326
137507,75850,29420
137515,76478,114542
137519,125430,95563
137531,68313,42477
137547,69796,5656
137589,450258,58783
137634,78963,53648
137696,104365,70046
137759,117794,46227
137789,85366,68050
137793,105527,41771
137817,386669,57709
137819,107046,151923
137867,74475,113525
137922,51349,112672
137962,425483,203808
138022,411377,73353
138024,480827,20227
138136,77450,182117
138232,294264,66346
138504,134912,165550
138540,112515,80473
138584,119084,240681
138754,99701,28450
138996,284907,349165
139026,100156,70351
139076,107259,142373
139183,66105,90540
139195,92383,141334
139217,131484,197649
139245,97874,36529
139287,93088,144351
139299,265944,29883
139333,104530,193385
139425,85892,29610
139485,439532,239628
139511,904049,21784
139616,50085,30299
139685,248169,78528
139741,800026,24676
139909,100531,86223
140381,214698,85411
140423,117179,34138
140435,36697,106355
140467,294564,109170
140479,296185,288201
140483,137937,252724
140499,43989,39015
140653,960792,27907
140657,93910,45716
140739,419722,41423
140755,494253,77583
140938,455829,63670
141032,74682,4705
141158,402014,16566
141177,92684,83415
141277,34846,97991
141294,43822,23245
141315,62445,66568
141333,75097,139349
141361,820111,27351
141424,23990,113638
141694,71575,85127
141735,461658,11204
141743,5557,134144
141797,185708,17433
141868,79437,37923
141896,419081,27724
142010,85540,89791
142022,61846,91060
142115,296310,200813
142132,44755,112265
142266,309832,46025
142346,68415,98027
142570,824316,44827
142574,489007,24801
142590,103268,25088
142652,902952,18557
142685,74383,37571
142714,24320,117970
142731,46372,61502
142756,12408,175334
142815,118763,73339
142831,453671,19636
142907,366518,32707
142935,116247,25234
142939,107979,40487
142949,86013,66881
143029,410696,115626
143130,24359,84912
143166,69681,179877
143185,75838,83834
143187,71224,88390
143265,404325,100983
143299,85905,42093
143408,14406,138752
143432,369738,106546
143595,71240,30671
143625,172109,64526
143659,120356,66741
143691,88959,163447
143861,118537,214717
143876,287045,45823
143961,229499,58405
143980,68708,30933
144037,499540,78115
144202,296712,48761
144292,826024,32152
144400,446313,18816
144512,410537,21792
144526,416853,56790
144604,295578,45303
144672,107415,19553
144682,6689,53416
144836,32687,121259
144922,70592,61278
144980,67118,4156
145014,64888,64624
145072,783494,46526
145146,328007,47354
145160,871867,13721
145164,76214,67302
145264,41416,92819
145312,65999,62762
145330,460975,37505
145350,95952,30880
145472,81232,167119
145476,77636,57578
145578,95941,28848
145584,75614,27703
145656,131510,3560
145726,75921,86743
145953,77807,20863
145972,403237,21753
146054,83805,72574
146144,89413,188719
146242,233422,134446
146256,118673,46373
146291,176097,84994
146414,111158,75134
146468,21768,85262
146560,42935,74437
146930,363728,40635
147028,42824,73492
147037,367097,92326
147100,100563,145147
147216,151987,140966
147352,459392,48333
147462,301163,133137
147512,102422,27350
147676,38046,103625
147700,86622,69155
147730,72419,161620
147785,379307,40960
147823,102979,41795
147946,22788,156420
148032,71477,77861
148152,86288,85005
148158,93533,29607
148228,62429,22359
148276,483200,75393
148284,208993,26571
148294,77699,36361
148329,47686,168528
148612,39311,27034
148630,102932,9048
148972,104115,1877
148982,77429,26702
149030,70731,74057
149077,102655,34421
149080,192013,108228
149088,76593,36748
149098,102804,88090
149132,84573,30644
149308,94590,26360
149320,788006,63011
149526,91065,62768
149558,21633,229005
149574,79828,40246
149610,71624,96985
149764,492650,20969
149786,215681,9375
149828,83261,40241
149864,23878,99729
149866,25712,100100
149883,218891,289673
149934,23358,272667
149938,114202,49172
149948,796306,58791
149980,304389,66068
150038,314624,210320
150088,43885,56597
150090,45339,74436
150350,84096,86068
150441,48188,83119
150708,87160,63092
150762,63155,284467
150782,98631,56346
150832,41134,165355
150836,50594,87669
150931,88853,169009
150988,31999,267483
151224,107870,79500
151327,115479,47367
151439,66418,85962
151443,474361,87943
151537,63549,29351
151607,331509,63459
151679,52529,111561
151689,487116,15391
152105,66963,20051
152115,68339,24571
152125,69847,19252
152173,88263,92060
152358,326983,159436
152397,45020,50755
152439,370295,128866
152445,365653,4289
152461,455583,28509
152511,62493,96334
152593,805184,41188
152691,78865,75184
152814,353351,71064
152824,347416,71920
152868,405507,20534
152886,387989,127531
152888,368580,196852
153020,390614,31364
153022,847510,129882
153046,443708,20623
153074,166370,36224
153158,108338,155052
153206,262333,65504
153228,390005,182991
153240,428608,62297
153246,388098,41472
153254,223503,26368
153266,470840,123406
153400,135169,275932
153462,102125,206157
153464,98412,16159
153466,64729,27496
153566,99384,28389
153632,466500,16010
153676,44423,30345
153752,88359,89921
153778,489486,159434
153784,995035,19418
153800,892874,23848
153816,995752,14193
153869,71448,13798
153879,156524,38668
153943,859601,67988
154017,133146,274202
154045,71478,77257
154069,306646,77859
154218,52374,19759
154222,402590,64190
154284,18294,50901
154374,293849,9084
154450,409673,16423
154488,234889,26743
154512,214874,9608
154560,391095,53463
154566,113434,61863
154717,316272,5256
154959,183550,160832
155000,267261,30301
155036,69848,26329
155084,794338,20431
155162,399,144436
155378,337708,23704
155395,268261,131907
155423,16129,101858
155495,92172,3201
155527,338479,41568
155549,20701,65874
155551,16392,80881
155854,306836,82151
155906,339531,4284
156048,104414,162837
156184,303282,26780
156360,33428,38347
156396,78073,75733
156433,34973,23109
156487,38378,89541
156635,38230,29490
156682,38908,118534
156769,242747,113217
156832,48111,73810
156921,439115,19509
156974,66150,122270
157009,3662,125673
157045,51214,112558
157110,109000,1652
157178,85178,103073
157192,85863,114394
157212,93995,28452
157258,104570,40789
157282,77524,44698
157316,102340,39479
157379,96453,4457
157445,52844,53050
157534,154029,28653
157727,47934,188750
157749,109872,28697
157813,160521,155017
157867,67219,44157
157963,68588,92307
157971,402223,33827
158290,375878,330629
158294,464071,69635
158356,65581,144279
158447,24092,244217
158449,21952,122805
158510,435995,370014
158571,388154,55134
158653,165214,85780
158671,109515,78375
158874,165348,13125
158998,98222,115386
159046,326121,80520
159107,149281,23802
159197,80648,84233
159199,495055,5654
159439,72824,4546
159496,67011,150226
159510,68972,5434
159536,235686,40162
159540,86972,31264
159648,197765,180886
159843,37258,218097
159856,67871,81479
159898,330489,76560
160026,86872,103578
160066,67057,150224
160096,88883,350566
160116,111244,28529
160368,119591,182013
160374,22273,205722
160422,43147,68309
160480,92677,89394
160702,433367,27243
160780,51840,130134
160808,27687,176259
161012,87258,31128
161016,81421,150273
161044,136535,16909
161080,65750,28406
161119,109748,67303
161224,385622,86254
161306,100273,46658
161358,19096,173689
161404,63097,80655
161524,20492,111306
161662,66256,63859
161708,68450,106618
161722,84590,198491
161732,337640,54583
161772,92967,49855
161866,28178,52019
161878,92527,282040
161896,33159,40717
162022,29245,301918
162076,66401,157031
162134,78477,34467
162156,80469,26803
162258,139606,68551
162288,284534,93685
162324,462520,26911
162328,77435,243636
162380,785025,20583
162402,112906,29890
162422,435687,19723
162636,374506,247414
162700,477640,270595
162780,252133,86970
162800,896585,53245
162802,480844,52925
162808,108915,100490
162814,357282,237506
162816,478365,15959
162822,66268,64961
162826,472126,2324
162846,99856,28340
162848,114537,39449
162926,436392,45037
162954,100333,338389
162962,66258,32034
163066,45062,52954
163096,68920,98632
163098,116916,73549
163188,74299,132067
163214,82616,288503
163270,38518,47315
163274,122070,85196
163280,314204,276086
163298,32847,413232
163338,32986,128669
163372,42893,111019
163519,37929,73690
163621,63058,54177
163751,175159,77946
163781,110201,55156
163835,50552,203562
163895,46368,21377
163903,210794,415441
163927,352561,101566
163929,290498,212508
163967,382014,27620
164037,72759,86462
164077,50235,28659
164210,118214,106070
164292,68492,68972
164314,97029,34745
164371,300657,57278
164580,378773,61187
164610,395561,24043
164618,26313,196789
164685,179471,104304
164707,447987,55504
164737,847182,16236
164785,112374,21780
164803,85037,119372
164915,367135,155191
164923,37709,40470
164977,27660,137608
164989,19640,50855
165009,49128,29062
165045,29786,158811
165069,108700,126820
165269,71416,379216
165299,872243,30351
165357,67839,121111
165425,49287,187790
165427,189340,54926
165479,295732,50699
165619,52878,59846
165741,99655,87628
165803,52318,63681
165871,473064,16766
165987,44224,81305
166062,159995,94894
166074,416051,18517
166340,24554,22689
166401,166948,87864
166589,89280,31245
166609,105347,92779
166741,231523,144464
166820,101368,86687
166842,28097,146147
167332,249624,286369
167446,100033,109912
167580,103621,49082
167596,126839,89433
167618,110593,125077
167646,102659,85758
167664,102658,226050
167706,368264,146836
167828,65452,380771
167942,88393,107319
168116,457076,55253
168144,822818,24439
168324,760506,85393
168482,93406,136254
168524,177195,81247
168672,353161,21062
168704,432028,10248
168820,70742,160799
168938,83050,73990
169122,863091,120624
169262,433985,9551
169404,42707,38751
169474,221809,73981
169660,65480,88374
169912,248752,26797
170109,78576,366561
170129,96118,34311
170143,69497,78089
170163,220652,66159
170195,318763,18051
170265,92615,27551
170279,116033,19002
170299,485161,23134
170301,367623,11155
170451,815744,201198
170571,406501,152611
171041,161634,18334
171089,90333,7234
171097,114433,62329
171133,99271,30655
171143,972374,70665
171149,306714,104391
171163,79583,49036
171363,418129,72553
171571,331701,56746
171613,326450,54474
171633,762115,14600
171643,245184,64051
171671,449629,135195
171771,416979,77710
171789,312412,44677
171997,220608,40632
172053,24484,126127
172111,804551,9990
172191,224025,23594
172201,295718,16058
172239,194342,55734
172247,93649,20473
172255,295432,14543
172289,322389,26264
172329,250292,16875
172475,76794,266135
172719,285800,56759
172751,477337,63838
172757,308131,64805
172875,366177,24660
172927,99637,30870
173001,93872,84760
173043,52849,89763
173053,52850,43097
173061,75862,186584
173073,52891,161088
173081,51993,109122
173085,52289,47001
173105,62159,3210
173115,88100,28820
173121,100665,31276
173131,66845,92782
173151,72354,30885
173183,79907,68553
173261,70572,81483
173297,88028,25525
173359,108108,70133
173435,454914,44458
173567,46688,74580
173577,417191,41237
173587,239102,45952
173607,870937,28499
173651,207697,22099
173695,62032,28279
173713,84476,176167
173779,847830,17725
173789,95574,41961
173845,80040,13570
173871,210741,106131
173873,115195,26787
173889,758442,12790
173923,478273,50662
173937,72253,52960
173971,307919,33175
173999,129023,105980
174147,89243,14570
174213,1032,20650
174329,1265,189586
174535,329374,22643
174539,161220,20755
174563,396962,116753
174637,91110,40837
174873,326814,70207
174879,135007,38286
174963,367677,10838
174973,213985,14608
174991,323571,45877
175241,190806,58828
175835,156602,89606
175947,29929,31996
175959,429173,26437
176017,321359,20776
176037,114419,151506
176175,144020,52103
176191,106922,45029
176255,38621,84419
176313,444627,64509
176449,276860,183954
176559,110002,4782
176571,68154,11829
176575,414036,34112
176583,234652,31001
176653,839995,429486
176773,94668,45295
176797,90944,35705
176883,406516,300508
177093,68282,28797
177145,72855,38394
177257,135033,28968
177331,328258,25675
177407,46970,89160
177479,31890,47744
177507,21149,177214
177573,27593,53858
177631,286975,57961
177731,92227,208451
177813,424863,44440
177953,45064,44608
177995,97632,255198
178103,111175,79975
178367,95684,21151
178387,128239,41807
178507,817400,289021
178529,84314,27348
178557,120430,27312
178579,88249,47894
178635,42189,150535
178655,216196,72806
178807,107101,63777
178859,465643,257206
178917,79147,46736
178943,258960,36250
178945,151305,219001
178949,224102,39858
178957,116503,61909
179009,303397,41560
179021,234817,92702
179029,62141,76072
179141,93142,47749
179243,79542,108758
179359,114743,291690
179393,425659,31092
179395,116723,297059
179553,409301,93961
179593,202521,54004
180009,943982,57297
180173,402247,15042
180343,41259,36848
180357,303661,14596
180607,211359,38619
180629,107165,47707
180679,34882,43523
180749,63231,18686
180759,33851,97818
180773,71803,35275
180785,308595,47471
180801,30481,43848
180853,36306,100834
180857,461331,61386
180873,98220,11480
180895,35320,43782
180915,38973,74794
181057,111403,13375
181085,32023,130841
181089,310224,47458
181099,311618,30491
181213,925306,30771
181231,77921,11623
181233,106997,284129
181261,17744,126377
181297,387462,54671
181325,888019,43639
181419,130297,137818
181489,9123,38791
181745,117350,39411
181759,68981,40570
181989,71613,19249
181991,847149,47575
182183,27468,80927
182351,204761,49979
182415,169164,56020
182469,77245,138012
182599,114958,28081
182605,140697,203025
182637,366179,24358
182675,74873,115131
182703,488164,25974
182731,393596,124117
182763,273656,37068
182855,117912,114322
182875,843873,35710
182899,406713,36181
182933,69311,31787
182965,149601,34529
183071,181547,40940
183123,288243,97206
183255,4286,56181
183327,70706,56353
183405,69914,81476
183465,73695,98109
183581,225609,97802
183889,286915,32914
183913,95158,17300
183921,51819,78229
183941,68232,12550
183981,72820,35711
184013,130267,81469
184045,465440,46301
184523,160986,142815
184569,49656,110754
184675,96511,34814
184705,271882,24080
185163,343531,26934
185231,94500,201281
185291,284253,168520
185301,223610,150993
185345,97800,80874
185367,131658,53228
185595,159693,28766
185779,63308,82884
185811,70039,27401
185817,80499,29910
185835,167285,165220
185963,95215,90926
185973,109335,170918
186045,142804,10359
186145,481390,9774
186197,96866,15433
186437,34515,145931
186445,378786,223554
186513,404183,11189
186531,446725,47440
186549,203523,14792
186627,86310,192899
186873,75214,39419
186969,165107,49136
187045,855805,25585
187073,84267,18813
187285,33672,123756
187373,476148,33951
187415,34613,26922
187513,158653,205560
187563,82422,64252
187767,390441,30658
187921,422320,63647
188169,157117,49918
188195,382958,68106
188239,114070,8771
188561,479651,17888
188587,295172,58786
188591,116061,31712
188635,183992,13619
188691,293342,56317
188739,49904,94407
189185,90169,71838
189321,438486,14065
189663,81625,99796
189719,116770,36271
189811,273896,126793
190189,466710,214455
190239,400231,48868
190301,84924,50572
190379,84085,2304
190465,22418,48253
190575,290382,27874
190701,115543,131102
190821,243435,314691
191071,326746,66243
191145,95556,133319
191231,244283,36945
191471,306069,16653
191515,226875,35282
191831,207631,115717
191949,379463,95696
192111,261311,62191
192119,91339,5752
192187,348591,18371
192231,379363,200806
192395,250754,70773
192403,78801,57926
192509,420211,50238
192543,83930,45962
192603,463536,32910
192789,89181,55690
192845,22867,43124
192895,76294,71692
192899,120543,37909
192905,38163,101850
193061,286098,16321
193125,63067,83359
193193,41715,92386
193199,329589,53501
193359,126861,45427
193363,87806,38902
193519,347591,20013
193645,16028,111575
193671,70533,241310
193701,101327,36934
193795,443512,18554
